index,female,male,neutral,other,missing
L,0.40816326530612246,0.30612244897959184,0.02040816326530612,0.0,0.2653061224489796
A,0.34615384615384615,0.34615384615384615,0.0,0.0,0.3076923076923077
G,0.2962962962962963,0.1111111111111111,0.037037037037037035,0.0,0.5555555555555556
V,0.20833333333333334,0.5625,0.020833333333333332,0.0,0.20833333333333334
E,0.5,0.225,0.025,0.0,0.25
